Country Name,Country Code,Year,GDP
Australia,AUS,1962,19922723709.0
Austria,AUT,1962,7756110210.0
Burundi,BDI,1962,213500006.0
Belgium,BEL,1962,13264015675.0
Benin,BEN,1962,236434906.8
Burkina Faso,BFA,1962,379567023.3
Bangladesh,BGD,1962,5081413340.0
Belize,BLZ,1962,31856922.86
Bolivia,BOL,1962,444665186.4
Central African Republic,CAF,1962,124482748.9
Canada,CAN,1962,42227447632.0
Chile,CHL,1962,5416272727.0
China,CHN,1962,47209359006.0
Cote d'Ivoire,CIV,1962,645284344.7
Cameroon,CMR,1962,694247725.5
"Congo, Dem. Rep.",COD,1962,3779841429.0
Colombia,COL,1962,4955543963.0
Costa Rica,CRI,1962,479180824.3
Algeria,DZA,1962,2001428328.0
Ecuador,ECU,1962,1518208221.0
Spain,ESP,1962,16138545209.0
France,FRA,1962,75607529810.0
United Kingdom,GBR,1962,81247564157.0
Ghana,GHA,1962,1382515590.0
Greece,GRC,1962,5213047711.0
Honduras,HND,1962,387750000.0
Haiti,HTI,1962,281896800.0
India,IND,1962,42161481859.0
Ireland,IRL,1962,2260349684.0
Iceland,ISL,1962,284916516.2
Italy,ITA,1962,50383891899.0
Jamaica,JAM,1962,777712445.8
Japan,JPN,1962,60723018684.0
Kenya,KEN,1962,868111400.0
"Korea, Rep.",KOR,1962,2814318517.0
Sri Lanka,LKA,1962,1434156379.0
Lower middle income,LMC,1962,96667238933.0
Morocco,MAR,1962,2379606422.0
Mexico,MEX,1962,15200000000.0
Middle income,MIC,1962,320000000000.0
Malawi,MWI,1962,183116337.7
Malaysia,MYS,1962,2001502679.0
Nigeria,NGA,1962,4909302954.0
Netherlands,NLD,1962,14647057370.0
Norway,NOR,1962,6066976683.0
Nepal,NPL,1962,574091101.2
Panama,PAN,1962,652120900.0
Peru,PER,1962,3286773188.0
Portugal,PRT,1962,3668222358.0
Post-demographic dividend,PST,1962,1190000000000.0
Rwanda,RWA,1962,125000008.0
South Asia,SAS,1962,53721519494.0
Sudan,SDN,1962,1541666667.0
Senegal,SEN,1962,1085475573.0
Singapore,SGP,1962,826244610.0
Sierra Leone,SLE,1962,342721579.8
Sub-Saharan Africa (excluding high income),SSA,1962,32936474200.0
Sub-Saharan Africa,SSF,1962,32948375264.0
Suriname,SUR,1962,116150000.0
Sweden,SWE,1962,18667251380.0
Eswatini,SWZ,1962,45927061.46
Seychelles,SYC,1962,12642026.57
Chad,TCD,1962,357635713.9
East Asia & Pacific (IDA & IBRD countries),TEA,1962,65298535416.0
Togo,TGO,1962,132237441.6
Thailand,THA,1962,3308912797.0
Latin America & the Caribbean (IDA & IBRD countries),TLA,1962,92113796551.0
South Asia (IDA & IBRD),TSA,1962,53721519494.0
Sub-Saharan Africa (IDA & IBRD countries),TSS,1962,32948375264.0
Trinidad and Tobago,TTO,1962,619319197.3
Turkey,TUR,1962,8922222222.0
Uganda,UGA,1962,449012578.6
Upper middle income,UMC,1962,224000000000.0
Uruguay,URY,1962,1710004407.0
United States,USA,1962,605000000000.0
St. Vincent and the Grenadines,VCT,1962,14524878.96
World,WLD,1962,1550000000000.0
South Africa,ZAF,1962,8497996604.0
Zambia,ZMB,1962,693142857.1
Zimbabwe,ZWE,1962,1117601600.0
Australia,AUS,1966,27309889125.0
Austria,AUT,1966,10887682273.0
Burundi,BDI,1966,165444571.4
Belgium,BEL,1966,18651883472.0
Benin,BEN,1966,302925280.8
Burkina Faso,BFA,1966,433889831.6
Bangladesh,BGD,1966,6439687598.0
Belize,BLZ,1966,44405594.41
Bolivia,BOL,1966,669191919.2
Central African Republic,CAF,1966,157930041.9
Canada,CAN,1966,61088384037.0
Chile,CHL,1966,7072641026.0
China,CHN,1966,76720285970.0
Cote d'Ivoire,CIV,1966,1024103034.0
Cameroon,CMR,1966,851112662.7
"Congo, Dem. Rep.",COD,1966,4532660182.0
Colombia,COL,1966,5428518519.0
Costa Rica,CRI,1966,647305630.2
Algeria,DZA,1966,3039834559.0
Ecuador,ECU,1966,2429309514.0
Spain,ESP,1966,28721062242.0
France,FRA,1966,110000000000.0
United Kingdom,GBR,1966,109000000000.0
Ghana,GHA,1966,2126300573.0
Greece,GRC,1966,8591517944.0
Honduras,HND,1966,549950000.0
Haiti,HTI,1966,368948600.0
India,IND,1966,45865462034.0
Ireland,IRL,1966,3104034393.0
Iceland,ISL,1966,628893310.4
Italy,ITA,1966,73654870011.0
Jamaica,JAM,1966,1096738065.0
Japan,JPN,1966,106000000000.0
Kenya,KEN,1966,1164519673.0
"Korea, Rep.",KOR,1966,3928908381.0
Sri Lanka,LKA,1966,1751470588.0
Lower middle income,LMC,1966,120000000000.0
Morocco,MAR,1966,2876395613.0
Mexico,MEX,1966,24320000000.0
Middle income,MIC,1966,446000000000.0
Malawi,MWI,1966,260394792.1
Malaysia,MYS,1966,3143538482.0
Nigeria,NGA,1966,6366792664.0
Netherlands,NLD,1966,22867203317.0
Norway,NOR,1966,8696460205.0
Nepal,NPL,1966,906811943.8
Panama,PAN,1966,928833000.0
Peru,PER,1966,6113607728.0
Portugal,PRT,1966,5135387846.0
Post-demographic dividend,PST,1966,1670000000000.0
Rwanda,RWA,1966,124525702.9
South Asia,SAS,1966,62475116958.0
Sudan,SDN,1966,1723000000.0
Senegal,SEN,1966,1246908374.0
Singapore,SGP,1966,1096432771.0
Sierra Leone,SLE,1966,375479849.8
Sub-Saharan Africa (excluding high income),SSA,1966,44289341423.0
Sub-Saharan Africa,SSF,1966,44304731190.0
Suriname,SUR,1966,190350000.0
Sweden,SWE,1966,26971486546.0
Eswatini,SWZ,1966,76858462.83
Seychelles,SYC,1966,16443034.56
Chad,TCD,1966,432794922.5
East Asia & Pacific (IDA & IBRD countries),TEA,1966,104000000000.0
Togo,TGO,1966,216136263.9
Thailand,THA,1966,5279230817.0
Latin America & the Caribbean (IDA & IBRD countries),TLA,1966,123000000000.0
South Asia (IDA & IBRD),TSA,1966,62475116958.0
Sub-Saharan Africa (IDA & IBRD countries),TSS,1966,44304731190.0
Trinidad and Tobago,TTO,1966,723735635.5
Turkey,TUR,1966,14100000000.0
Uganda,UGA,1966,925770308.1
Upper middle income,UMC,1966,333000000000.0
Uruguay,URY,1966,1809183975.0
United States,USA,1966,815000000000.0
St. Vincent and the Grenadines,VCT,1966,16099865.83
World,WLD,1966,2160000000000.0
South Africa,ZAF,1966,12354995063.0
Zambia,ZMB,1966,1264285714.0
Zimbabwe,ZWE,1966,1281749500.0
Australia,AUS,1970,41337215814.0
Austria,AUT,1970,15373005557.0
Burundi,BDI,1970,242732571.4
Belgium,BEL,1970,26706196047.0
Benin,BEN,1970,333627758.2
Burkina Faso,BFA,1970,458404330.1
Bangladesh,BGD,1970,8992721809.0
Belize,BLZ,1970,53233532.93
Bolivia,BOL,1970,1017003367.0
Central African Republic,CAF,1970,189106554.5
Canada,CAN,1970,87896095320.0
Chile,CHL,1970,9126309735.0
China,CHN,1970,92602973434.0
Cote d'Ivoire,CIV,1970,1455482990.0
Cameroon,CMR,1970,1151217147.0
"Congo, Dem. Rep.",COD,1970,4877684910.0
Colombia,COL,1970,7198360460.0
Costa Rica,CRI,1970,984830158.5
Algeria,DZA,1970,4863487493.0
Ecuador,ECU,1970,2862504170.0
Spain,ESP,1970,40992995008.0
France,FRA,1970,148000000000.0
United Kingdom,GBR,1970,131000000000.0
Ghana,GHA,1970,2215029450.0
Greece,GRC,1970,13139863636.0
Honduras,HND,1970,723000000.0
Haiti,HTI,1970,331200000.0
India,IND,1970,62422483055.0
Ireland,IRL,1970,4395995086.0
Iceland,ISL,1970,526704545.5
Italy,ITA,1970,113000000000.0
Jamaica,JAM,1970,1404776071.0
Japan,JPN,1970,213000000000.0
Kenya,KEN,1970,1603447357.0
"Korea, Rep.",KOR,1970,9005023184.0
Sri Lanka,LKA,1970,2296470588.0
Lower middle income,LMC,1970,170000000000.0
Morocco,MAR,1970,3956328426.0
Mexico,MEX,1970,35520000000.0
Middle income,MIC,1970,594000000000.0
Malawi,MWI,1970,290531621.3
Malaysia,MYS,1970,3864170913.0
Nigeria,NGA,1970,12545849083.0
Netherlands,NLD,1970,38164716625.0
Norway,NOR,1970,12814123115.0
Nepal,NPL,1970,865975308.6
Panama,PAN,1970,1351006400.0
Peru,PER,1970,7432223177.0
Portugal,PRT,1970,8108235704.0
Post-demographic dividend,PST,1970,2340000000000.0
Rwanda,RWA,1970,219900006.0
South Asia,SAS,1970,85737283040.0
Sudan,SDN,1970,2437666667.0
Senegal,SEN,1970,1297407829.0
Singapore,SGP,1970,1920586698.0
Sierra Leone,SLE,1970,434410373.8
Sub-Saharan Africa (excluding high income),SSA,1970,62999568291.0
Sub-Saharan Africa,SSF,1970,63016042903.0
Suriname,SUR,1970,274900000.0
Sweden,SWE,1970,38092452061.0
Eswatini,SWZ,1970,112137757.2
Seychelles,SYC,1970,18432031.36
Chad,TCD,1970,469266736.6
East Asia & Pacific (IDA & IBRD countries),TEA,1970,127000000000.0
Togo,TGO,1970,253976626.2
Thailand,THA,1970,7086538438.0
Latin America & the Caribbean (IDA & IBRD countries),TLA,1970,163000000000.0
South Asia (IDA & IBRD),TSA,1970,85737283040.0
Sub-Saharan Africa (IDA & IBRD countries),TSS,1970,63016042903.0
Trinidad and Tobago,TTO,1970,821850000.0
Turkey,TUR,1970,17086956522.0
Uganda,UGA,1970,1260084034.0
Upper middle income,UMC,1970,428000000000.0
Uruguay,URY,1970,2137096774.0
United States,USA,1970,1070000000000.0
St. Vincent and the Grenadines,VCT,1970,18450000.0
World,WLD,1970,2990000000000.0
South Africa,ZAF,1970,18418392640.0
Zambia,ZMB,1970,1825285714.0
Zimbabwe,ZWE,1970,1884206300.0
Australia,AUS,1974,88981577008.0
Austria,AUT,1974,35189299912.0
Burundi,BDI,1974,345263492.1
Belgium,BEL,1974,56033077879.0
Benin,BEN,1974,554654787.0
Burkina Faso,BFA,1974,751133330.6
Bangladesh,BGD,1974,12512460520.0
Belize,BLZ,1974,103216374.3
Bolivia,BOL,1974,2100249875.0
Central African Republic,CAF,1974,281398668.2
Canada,CAN,1974,160000000000.0
Chile,CHL,1974,16210404184.0
China,CHN,1974,144000000000.0
Cote d'Ivoire,CIV,1974,3070151901.0
Cameroon,CMR,1974,2157415246.0
"Congo, Dem. Rep.",COD,1974,9596960180.0
Colombia,COL,1974,12370029584.0
Costa Rica,CRI,1974,1666544754.0
Algeria,DZA,1974,13210029612.0
Ecuador,ECU,1974,6599259421.0
Spain,ESP,1974,97274006346.0
France,FRA,1974,286000000000.0
United Kingdom,GBR,1974,206000000000.0
Ghana,GHA,1974,2894409938.0
Greece,GRC,1974,25351306818.0
Honduras,HND,1974,1034500000.0
Haiti,HTI,1974,565400000.0
India,IND,1974,99525899116.0
Ireland,IRL,1974,7896860615.0
Iceland,ISL,1974,1515190595.0
Italy,ITA,1974,200000000000.0
Jamaica,JAM,1974,2375096249.0
Japan,JPN,1974,480000000000.0
Kenya,KEN,1974,2969942180.0
"Korea, Rep.",KOR,1974,19544094741.0
Sri Lanka,LKA,1974,3574586466.0
Lower middle income,LMC,1974,320000000000.0
Morocco,MAR,1974,7675408486.0
Mexico,MEX,1974,72000000000.0
Middle income,MIC,1974,1160000000000.0
Malawi,MWI,1974,548621017.6
Malaysia,MYS,1974,9496074114.0
Nigeria,NGA,1974,24846641318.0
Netherlands,NLD,1974,87243413395.0
Norway,NOR,1974,27145693810.0
Nepal,NPL,1974,1217953547.0
Panama,PAN,1974,2188307600.0
Peru,PER,1974,13858441211.0
Portugal,PRT,1974,17512391476.0
Post-demographic dividend,PST,1974,4060000000000.0
Rwanda,RWA,1974,308458423.2
South Asia,SAS,1974,127000000000.0
Sudan,SDN,1974,4595000000.0
Senegal,SEN,1974,2099324950.0
Singapore,SGP,1974,5221534956.0
Sierra Leone,SLE,1974,648590642.9
Sub-Saharan Africa (excluding high income),SSA,1974,121000000000.0
Sub-Saharan Africa,SSF,1974,121000000000.0
Suriname,SUR,1974,409850000.0
Sweden,SWE,1974,66013338965.0
Eswatini,SWZ,1974,264311994.1
Seychelles,SYC,1974,43134498.69
Chad,TCD,1974,652532796.1
East Asia & Pacific (IDA & IBRD countries),TEA,1974,221000000000.0
Togo,TGO,1974,560437742.6
Thailand,THA,1974,13703000530.0
Latin America & the Caribbean (IDA & IBRD countries),TLA,1974,357000000000.0
South Asia (IDA & IBRD),TSA,1974,127000000000.0
Sub-Saharan Africa (IDA & IBRD countries),TSS,1974,121000000000.0
Trinidad and Tobago,TTO,1974,2042031901.0
Turkey,TUR,1974,35599913836.0
Uganda,UGA,1974,2100142653.0
Upper middle income,UMC,1974,855000000000.0
Uruguay,URY,1974,4090209682.0
United States,USA,1974,1550000000000.0
St. Vincent and the Grenadines,VCT,1974,32924215.86
World,WLD,1974,5350000000000.0
South Africa,ZAF,1974,36807721038.0
Zambia,ZMB,1974,3121833333.0
Zimbabwe,ZWE,1974,3982161400.0
Australia,AUS,1978,119000000000.0
Austria,AUT,1978,62052259073.0
Burundi,BDI,1978,610225555.6
Belgium,BEL,1978,101000000000.0
Benin,BEN,1978,928843304.8
Burkina Faso,BFA,1978,1475583383.0
Bangladesh,BGD,1978,13281767143.0
Belize,BLZ,1978,136300000.0
Bolivia,BOL,1978,3758220890.0
Central African Republic,CAF,1978,610578523.8
Canada,CAN,1978,219000000000.0
Chile,CHL,1978,15989933708.0
China,CHN,1978,150000000000.0
Cote d'Ivoire,CIV,1978,7900524898.0
Cameroon,CMR,1978,4662851757.0
"Congo, Dem. Rep.",COD,1978,15372608002.0
Colombia,COL,1978,23263511958.0
Costa Rica,CRI,1978,3523208810.0
Algeria,DZA,1978,26364491313.0
Ecuador,ECU,1978,11922502171.0
Spain,ESP,1978,161000000000.0
France,FRA,1978,507000000000.0
United Kingdom,GBR,1978,336000000000.0
Ghana,GHA,1978,3662478185.0
Greece,GRC,1978,44270204082.0
Honduras,HND,1978,3097242093.0
Haiti,HTI,1978,974200000.0
India,IND,1978,137000000000.0
Ireland,IRL,1978,14647996074.0
Iceland,ISL,1978,2511826196.0
Italy,ITA,1978,315000000000.0
Jamaica,JAM,1978,2644449232.0
Japan,JPN,1978,1010000000000.0
Kenya,KEN,1978,5303734883.0
"Korea, Rep.",KOR,1978,51972107438.0
Sri Lanka,LKA,1978,2733183857.0
Lower middle income,LMC,1978,502000000000.0
Morocco,MAR,1978,13236854105.0
Mexico,MEX,1978,103000000000.0
Middle income,MIC,1978,1680000000000.0
Malawi,MWI,1978,949034016.8
Malaysia,MYS,1978,16358376511.0
Nigeria,NGA,1978,36527862209.0
Netherlands,NLD,1978,156000000000.0
Norway,NOR,1978,46523091010.0
Nepal,NPL,1978,1604162497.0
Panama,PAN,1978,3244558600.0
Peru,PER,1978,12495779622.0
Portugal,PRT,1978,23487614051.0
Post-demographic dividend,PST,1978,6700000000000.0
Rwanda,RWA,1978,905709147.3
South Asia,SAS,1978,175000000000.0
Sudan,SDN,1978,7670500000.0
Senegal,SEN,1978,3280354339.0
Singapore,SGP,1978,7517176355.0
Sierra Leone,SLE,1978,960728338.9
Sub-Saharan Africa (excluding high income),SSA,1978,176000000000.0
Sub-Saharan Africa,SSF,1978,176000000000.0
Suriname,SUR,1978,735500000.0
Sweden,SWE,1978,104000000000.0
Eswatini,SWZ,1978,340616375.3
Seychelles,SYC,1978,85552369.91
Chad,TCD,1978,1113920123.0
East Asia & Pacific (IDA & IBRD countries),TEA,1978,282000000000.0
Togo,TGO,1978,824263841.5
Thailand,THA,1978,24006570178.0
Latin America & the Caribbean (IDA & IBRD countries),TLA,1978,510000000000.0
South Asia (IDA & IBRD),TSA,1978,175000000000.0
Sub-Saharan Africa (IDA & IBRD countries),TSS,1978,176000000000.0
Trinidad and Tobago,TTO,1978,3562333458.0
Turkey,TUR,1978,65147022486.0
Uganda,UGA,1978,2420260870.0
Upper middle income,UMC,1978,1180000000000.0
Uruguay,URY,1978,4910257283.0
United States,USA,1978,2350000000000.0
St. Vincent and the Grenadines,VCT,1978,60844771.48
World,WLD,1978,8630000000000.0
South Africa,ZAF,1978,46739449962.0
Zambia,ZMB,1978,2813375000.0
Zimbabwe,ZWE,1978,4351600500.0
Australia,AUS,1982,194000000000.0
Austria,AUT,1982,71275287570.0
Burundi,BDI,1982,1013222222.0
Belgium,BEL,1982,92095926188.0
Benin,BEN,1982,1267778489.0
Burkina Faso,BFA,1982,1754449845.0
Bangladesh,BGD,1982,18525399202.0
Belize,BLZ,1982,182206327.0
Bolivia,BOL,1982,5587490265.0
Central African Republic,CAF,1982,748312283.7
Canada,CAN,1982,314000000000.0
Chile,CHL,1982,25325893206.0
China,CHN,1982,205000000000.0
Cote d'Ivoire,CIV,1982,7567109767.0
Cameroon,CMR,1982,6611255018.0
"Congo, Dem. Rep.",COD,1982,13651667371.0
Colombia,COL,1982,38968039722.0
Costa Rica,CRI,1982,2606621255.0
Algeria,DZA,1982,45207088716.0
Ecuador,ECU,1982,19929853575.0
Spain,ESP,1982,196000000000.0
France,FRA,1982,585000000000.0
United Kingdom,GBR,1982,515000000000.0
Ghana,GHA,1982,4035994398.0
Greece,GRC,1982,54617989796.0
Honduras,HND,1982,4266503526.0
Haiti,HTI,1982,1474200000.0
India,IND,1982,201000000000.0
Ireland,IRL,1982,21474752962.0
Iceland,ISL,1982,3206626564.0
Italy,ITA,1982,427000000000.0
Jamaica,JAM,1982,3293533288.0
Japan,JPN,1982,1130000000000.0
Kenya,KEN,1982,6431579357.0
"Korea, Rep.",KOR,1982,78358866335.0
Sri Lanka,LKA,1982,4768765017.0
Lower middle income,LMC,1982,867000000000.0
Morocco,MAR,1982,17692341358.0
Mexico,MEX,1982,185000000000.0
Middle income,MIC,1982,2610000000000.0
Malawi,MWI,1982,1180104216.0
Malaysia,MYS,1982,26804401816.0
Nigeria,NGA,1982,143000000000.0
Netherlands,NLD,1982,158000000000.0
Norway,NOR,1982,62647195538.0
Nepal,NPL,1982,2395429852.0
Panama,PAN,1982,5769767900.0
Peru,PER,1982,21793496819.0
Portugal,PRT,1982,30527754793.0
Post-demographic dividend,PST,1982,8590000000000.0
Rwanda,RWA,1982,1407242640.0
South Asia,SAS,1982,259000000000.0
Sudan,SDN,1982,9240000000.0
Senegal,SEN,1982,4013950868.0
Singapore,SGP,1982,16084252378.0
Sierra Leone,SLE,1982,1295361886.0
Sub-Saharan Africa (excluding high income),SSA,1982,342000000000.0
Sub-Saharan Africa,SSF,1982,342000000000.0
Suriname,SUR,1982,915000000.0
Sweden,SWE,1982,114000000000.0
Eswatini,SWZ,1982,537575980.8
Seychelles,SYC,1982,147912069.8
Chad,TCD,1982,834369860.4
East Asia & Pacific (IDA & IBRD countries),TEA,1982,423000000000.0
Togo,TGO,1982,821651918.7
Thailand,THA,1982,36589797857.0
Latin America & the Caribbean (IDA & IBRD countries),TLA,1982,785000000000.0
South Asia (IDA & IBRD),TSA,1982,259000000000.0
Sub-Saharan Africa (IDA & IBRD countries),TSS,1982,342000000000.0
Trinidad and Tobago,TTO,1982,8140416667.0
Turkey,TUR,1982,64546332581.0
Uganda,UGA,1982,2177500000.0
Upper middle income,UMC,1982,1720000000000.0
Uruguay,URY,1982,9178802163.0
United States,USA,1982,3340000000000.0
St. Vincent and the Grenadines,VCT,1982,113759203.3
World,WLD,1982,11600000000000.0
South Africa,ZAF,1982,78423059790.0
Zambia,ZMB,1982,3994777778.0
Zimbabwe,ZWE,1982,8539700700.0
Australia,AUS,1986,182000000000.0
Austria,AUT,1986,99036164939.0
Burundi,BDI,1986,1201725497.0
Belgium,BEL,1986,120000000000.0
Benin,BEN,1986,1336102041.0
Burkina Faso,BFA,1986,2036303381.0
Bangladesh,BGD,1986,21774033333.0
Belize,BLZ,1986,231638320.5
Bolivia,BOL,1986,3958338883.0
Central African Republic,CAF,1986,1122265026.0
Canada,CAN,1986,377000000000.0
Chile,CHL,1986,18891048819.0
China,CHN,1986,301000000000.0
Cote d'Ivoire,CIV,1986,9158302205.0
Cameroon,CMR,1986,11857056336.0
"Congo, Dem. Rep.",COD,1986,8095367168.0
Colombia,COL,1986,34942489684.0
Costa Rica,CRI,1986,4418983871.0
Algeria,DZA,1986,63692238160.0
Ecuador,ECU,1986,15314143988.0
Spain,ESP,1986,251000000000.0
France,FRA,1986,771000000000.0
United Kingdom,GBR,1986,601000000000.0
Ghana,GHA,1986,5727602645.0
Greece,GRC,1986,56379593476.0
Honduras,HND,1986,5677828959.0
Haiti,HTI,1986,2318000000.0
India,IND,1986,249000000000.0
Ireland,IRL,1986,28714571852.0
Iceland,ISL,1986,3989622715.0
Italy,ITA,1986,640000000000.0
Jamaica,JAM,1986,2754566176.0
Japan,JPN,1986,2080000000000.0
Kenya,KEN,1986,7239126717.0
"Korea, Rep.",KOR,1986,117000000000.0
Sri Lanka,LKA,1986,6405210564.0
Lower middle income,LMC,1986,958000000000.0
Morocco,MAR,1986,19462175322.0
Mexico,MEX,1986,135000000000.0
Middle income,MIC,1986,2800000000000.0
Malawi,MWI,1986,1183654828.0
Malaysia,MYS,1986,27734562640.0
Nigeria,NGA,1986,54805852581.0
Netherlands,NLD,1986,201000000000.0
Norway,NOR,1986,78693253276.0
Nepal,NPL,1986,2850784523.0
Panama,PAN,1986,6797834200.0
Peru,PER,1986,15244232958.0
Portugal,PRT,1986,38745901354.0
Post-demographic dividend,PST,1986,12000000000000.0
Rwanda,RWA,1986,1944711061.0
South Asia,SAS,1986,314000000000.0
Sudan,SDN,1986,15769062500.0
Senegal,SEN,1986,5392093508.0
Singapore,SGP,1986,18586746057.0
Sierra Leone,SLE,1986,490181456.6
Sub-Saharan Africa (excluding high income),SSA,1986,255000000000.0
Sub-Saharan Africa,SSF,1986,255000000000.0
Suriname,SUR,1986,891000000.0
Sweden,SWE,1986,150000000000.0
Eswatini,SWZ,1986,449146608.3
Seychelles,SYC,1986,207850623.6
Chad,TCD,1986,1067828247.0
East Asia & Pacific (IDA & IBRD countries),TEA,1986,524000000000.0
Togo,TGO,1986,1060911735.0
Thailand,THA,1986,43096746122.0
Latin America & the Caribbean (IDA & IBRD countries),TLA,1986,710000000000.0
South Asia (IDA & IBRD),TSA,1986,314000000000.0
Sub-Saharan Africa (IDA & IBRD countries),TSS,1986,255000000000.0
Trinidad and Tobago,TTO,1986,4794444444.0
Turkey,TUR,1986,75728009963.0
Uganda,UGA,1986,3923232122.0
Upper middle income,UMC,1986,1800000000000.0
Uruguay,URY,1986,5880112788.0
United States,USA,1986,4580000000000.0
St. Vincent and the Grenadines,VCT,1986,160846656.7
World,WLD,1986,15200000000000.0
South Africa,ZAF,1986,67521602553.0
Zambia,ZMB,1986,1661948718.0
Zimbabwe,ZWE,1986,6217523700.0
Australia,AUS,1990,311000000000.0
Austria,AUT,1990,166000000000.0
Burundi,BDI,1990,1132101253.0
Belgium,BEL,1990,205000000000.0
Benin,BEN,1990,1959965244.0
Burkina Faso,BFA,1990,3101300642.0
Bangladesh,BGD,1990,31598341234.0
Belize,BLZ,1990,412086445.5
Bolivia,BOL,1990,4867582620.0
Central African Republic,CAF,1990,1440711396.0
Canada,CAN,1990,594000000000.0
Chile,CHL,1990,33113887818.0
China,CHN,1990,361000000000.0
Cote d'Ivoire,CIV,1990,10795850107.0
Cameroon,CMR,1990,12314482085.0
"Congo, Dem. Rep.",COD,1990,9349764580.0
Colombia,COL,1990,47844090710.0
Costa Rica,CRI,1990,5711687787.0
Algeria,DZA,1990,62048562947.0
Ecuador,ECU,1990,15239278100.0
Spain,ESP,1990,537000000000.0
France,FRA,1990,1270000000000.0
United Kingdom,GBR,1990,1090000000000.0
Ghana,GHA,1990,5889174825.0
Greece,GRC,1990,97891092003.0
Honduras,HND,1990,4923009552.0
Haiti,HTI,1990,3096289800.0
India,IND,1990,321000000000.0
Ireland,IRL,1990,49305632408.0
Iceland,ISL,1990,6468736287.0
Italy,ITA,1990,1180000000000.0
Jamaica,JAM,1990,4592224067.0
Japan,JPN,1990,3130000000000.0
Kenya,KEN,1990,8572359163.0
"Korea, Rep.",KOR,1990,283000000000.0
Sri Lanka,LKA,1990,8032551173.0
Lower middle income,LMC,1990,1030000000000.0
Morocco,MAR,1990,30180108562.0
Mexico,MEX,1990,261000000000.0
Middle income,MIC,1990,3610000000000.0
Malawi,MWI,1990,1880771556.0
Malaysia,MYS,1990,44024178343.0
Nigeria,NGA,1990,54035795388.0
Netherlands,NLD,1990,318000000000.0
Norway,NOR,1990,120000000000.0
Nepal,NPL,1990,3627562403.0
Panama,PAN,1990,6433967000.0
Peru,PER,1990,26410386669.0
Portugal,PRT,1990,78713860217.0
Post-demographic dividend,PST,1990,18400000000000.0
Rwanda,RWA,1990,2550185618.0
South Asia,SAS,1990,407000000000.0
Sudan,SDN,1990,12408647541.0
Senegal,SEN,1990,7390967035.0
Singapore,SGP,1990,36144336769.0
Sierra Leone,SLE,1990,649644826.8
Sub-Saharan Africa (excluding high income),SSA,1990,334000000000.0
Sub-Saharan Africa,SSF,1990,334000000000.0
Suriname,SUR,1990,388400000.0
Sweden,SWE,1990,262000000000.0
Eswatini,SWZ,1990,1114703088.0
Seychelles,SYC,1990,368584758.9
Chad,TCD,1990,1738605558.0
East Asia & Pacific (IDA & IBRD countries),TEA,1990,666000000000.0
Togo,TGO,1990,1628427515.0
Thailand,THA,1990,85343063966.0
Latin America & the Caribbean (IDA & IBRD countries),TLA,1990,1040000000000.0
South Asia (IDA & IBRD),TSA,1990,407000000000.0
Sub-Saharan Africa (IDA & IBRD countries),TSS,1990,334000000000.0
Trinidad and Tobago,TTO,1990,5068000000.0
Turkey,TUR,1990,151000000000.0
Uganda,UGA,1990,4304398866.0
Upper middle income,UMC,1990,2590000000000.0
Uruguay,URY,1990,9298839655.0
United States,USA,1990,5960000000000.0
St. Vincent and the Grenadines,VCT,1990,240366666.7
World,WLD,1990,22700000000000.0
South Africa,ZAF,1990,116000000000.0
Zambia,ZMB,1990,3285217391.0
Zimbabwe,ZWE,1990,8783816700.0
Australia,AUS,1994,323000000000.0
Austria,AUT,1994,204000000000.0
Burundi,BDI,1994,925030590.2
Belgium,BEL,1994,245000000000.0
Benin,BEN,1994,1598075932.0
Burkina Faso,BFA,1994,1895290623.0
Bangladesh,BGD,1994,33768660883.0
Belize,BLZ,1994,581269550.0
Bolivia,BOL,1994,5981244887.0
Central African Republic,CAF,1994,851174350.6
Canada,CAN,1994,578000000000.0
Chile,CHL,1994,57008425296.0
China,CHN,1994,564000000000.0
Cote d'Ivoire,CIV,1994,8313557450.0
Cameroon,CMR,1994,8902446188.0
"Congo, Dem. Rep.",COD,1994,5840529412.0
Colombia,COL,1994,81703500846.0
Costa Rica,CRI,1994,10486784805.0
Algeria,DZA,1994,42543178042.0
Ecuador,ECU,1994,22708673337.0
Spain,ESP,1994,531000000000.0
France,FRA,1994,1390000000000.0
United Kingdom,GBR,1994,1140000000000.0
Ghana,GHA,1994,5444560669.0
Greece,GRC,1994,117000000000.0
Honduras,HND,1994,4642280682.0
Haiti,HTI,1994,2167564195.0
India,IND,1994,327000000000.0
Ireland,IRL,1994,57097656066.0
Iceland,ISL,1994,6389460286.0
Italy,ITA,1994,1100000000000.0
Jamaica,JAM,1994,5452564385.0
Japan,JPN,1994,5000000000000.0
Kenya,KEN,1994,7148145376.0
"Korea, Rep.",KOR,1994,464000000000.0
Sri Lanka,LKA,1994,11717604209.0
Lower middle income,LMC,1994,1120000000000.0
Morocco,MAR,1994,35604137423.0
Mexico,MEX,1994,528000000000.0
Middle income,MIC,1994,4320000000000.0
Malawi,MWI,1994,1181802596.0
Malaysia,MYS,1994,74478356958.0
Nigeria,NGA,1994,33833042988.0
Netherlands,NLD,1994,379000000000.0
Norway,NOR,1994,127000000000.0
Nepal,NPL,1994,4066775510.0
Panama,PAN,1994,9365289800.0
Peru,PER,1994,44882079767.0
Portugal,PRT,1994,99688641304.0
Post-demographic dividend,PST,1994,22500000000000.0
Rwanda,RWA,1994,753636370.5
South Asia,SAS,1994,432000000000.0
Sudan,SDN,1994,12794192334.0
Senegal,SEN,1994,5034588159.0
Singapore,SGP,1994,73690847191.0
Sierra Leone,SLE,1994,911915970.7
Sub-Saharan Africa (excluding high income),SSA,1994,323000000000.0
Sub-Saharan Africa,SSF,1994,324000000000.0
Suriname,SUR,1994,605492537.3
Sweden,SWE,1994,229000000000.0
Eswatini,SWZ,1994,1419293455.0
Seychelles,SYC,1994,486451204.6
Chad,TCD,1994,1179837955.0
East Asia & Pacific (IDA & IBRD countries),TEA,1994,1070000000000.0
Togo,TGO,1994,982624324.5
Thailand,THA,1994,147000000000.0
Latin America & the Caribbean (IDA & IBRD countries),TLA,1994,1690000000000.0
South Asia (IDA & IBRD),TSA,1994,432000000000.0
Sub-Saharan Africa (IDA & IBRD countries),TSS,1994,324000000000.0
Trinidad and Tobago,TTO,1994,4947205860.0
Turkey,TUR,1994,131000000000.0
Uganda,UGA,1994,3990430447.0
Upper middle income,UMC,1994,3200000000000.0
Uruguay,URY,1994,17474647792.0
United States,USA,1994,7290000000000.0
St. Vincent and the Grenadines,VCT,1994,289437037.0
World,WLD,1994,27900000000000.0
South Africa,ZAF,1994,154000000000.0
Zambia,ZMB,1994,3656647744.0
Zimbabwe,ZWE,1994,6890675000.0
Australia,AUS,1998,399000000000.0
Austria,AUT,1998,218000000000.0
Burundi,BDI,1998,893770806.1
Belgium,BEL,1998,259000000000.0
Benin,BEN,1998,2455092582.0
Burkina Faso,BFA,1998,2804902248.0
Bangladesh,BGD,1998,49984559471.0
Belize,BLZ,1998,689140000.0
Bolivia,BOL,1998,8497545598.0
Central African Republic,CAF,1998,967338348.7
Canada,CAN,1998,634000000000.0
Chile,CHL,1998,81577430181.0
China,CHN,1998,1030000000000.0
Cote d'Ivoire,CIV,1998,19619653924.0
Cameroon,CMR,1998,11298144512.0
"Congo, Dem. Rep.",COD,1998,6215716712.0
Colombia,COL,1998,98443739941.0
Costa Rica,CRI,1998,13684255947.0
Algeria,DZA,1998,48187747529.0
Ecuador,ECU,1998,27981896948.0
Spain,ESP,1998,619000000000.0
France,FRA,1998,1500000000000.0
United Kingdom,GBR,1998,1650000000000.0
Ghana,GHA,1998,7480968858.0
Greece,GRC,1998,144000000000.0
Honduras,HND,1998,6366340266.0
Haiti,HTI,1998,3723909227.0
India,IND,1998,421000000000.0
Ireland,IRL,1998,90199410116.0
Iceland,ISL,1998,8503693099.0
Italy,ITA,1998,1270000000000.0
Jamaica,JAM,1998,8787195622.0
Japan,JPN,1998,4100000000000.0
Kenya,KEN,1998,14093998844.0
"Korea, Rep.",KOR,1998,383000000000.0
Sri Lanka,LKA,1998,15794972847.0
Lower middle income,LMC,1998,1330000000000.0
Morocco,MAR,1998,41806219379.0
Mexico,MEX,1998,527000000000.0
Middle income,MIC,1998,5460000000000.0
Malawi,MWI,1998,1750584265.0
Malaysia,MYS,1998,72167498981.0
Nigeria,NGA,1998,54604050168.0
Netherlands,NLD,1998,438000000000.0
Norway,NOR,1998,154000000000.0
Nepal,NPL,1998,4856255044.0
Panama,PAN,1998,11575486400.0
Peru,PER,1998,55501467877.0
Portugal,PRT,1998,124000000000.0
Post-demographic dividend,PST,1998,24700000000000.0
Rwanda,RWA,1998,1989343495.0
South Asia,SAS,1998,558000000000.0
Sudan,SDN,1998,11250327988.0
Senegal,SEN,1998,6505607633.0
Singapore,SGP,1998,85728310229.0
Sierra Leone,SLE,1998,672375927.3
Sub-Saharan Africa (excluding high income),SSA,1998,394000000000.0
Sub-Saharan Africa,SSF,1998,395000000000.0
Suriname,SUR,1998,1110850000.0
Sweden,SWE,1998,271000000000.0
Eswatini,SWZ,1998,1576904292.0
Seychelles,SYC,1998,608369282.2
Chad,TCD,1998,1744794457.0
East Asia & Pacific (IDA & IBRD countries),TEA,1998,1430000000000.0
Togo,TGO,1998,1587345951.0
Thailand,THA,1998,114000000000.0
Latin America & the Caribbean (IDA & IBRD countries),TLA,1998,2200000000000.0
South Asia (IDA & IBRD),TSA,1998,558000000000.0
Sub-Saharan Africa (IDA & IBRD countries),TSS,1998,395000000000.0
Trinidad and Tobago,TTO,1998,6043694330.0
Turkey,TUR,1998,276000000000.0
Uganda,UGA,1998,6584815847.0
Upper middle income,UMC,1998,4130000000000.0
Uruguay,URY,1998,25385928189.0
United States,USA,1998,9060000000000.0
St. Vincent and the Grenadines,VCT,1998,373618518.5
World,WLD,1998,31500000000000.0
South Africa,ZAF,1998,153000000000.0
Zambia,ZMB,1998,3537683046.0
Zimbabwe,ZWE,1998,6401968200.0
Australia,AUS,2002,395000000000.0
Austria,AUT,2002,213000000000.0
Burundi,BDI,2002,825394490.2
Belgium,BEL,2002,257000000000.0
Benin,BEN,2002,4194342849.0
Burkina Faso,BFA,2002,3622350204.0
Bangladesh,BGD,2002,54724081491.0
Belize,BLZ,2002,925197950.0
Bolivia,BOL,2002,7905485216.0
Central African Republic,CAF,2002,991387870.1
Canada,CAN,2002,761000000000.0
Chile,CHL,2002,69736811435.0
China,CHN,2002,1470000000000.0
Cote d'Ivoire,CIV,2002,18054384023.0
Cameroon,CMR,2002,12417251816.0
"Congo, Dem. Rep.",COD,2002,8728038525.0
Colombia,COL,2002,97963003805.0
Costa Rica,CRI,2002,16578820687.0
Algeria,DZA,2002,56760355865.0
Ecuador,ECU,2002,28548945000.0
Spain,ESP,2002,705000000000.0
France,FRA,2002,1490000000000.0
United Kingdom,GBR,2002,1780000000000.0
Ghana,GHA,2002,6166330136.0
Greece,GRC,2002,154000000000.0
Honduras,HND,2002,7775251510.0
Haiti,HTI,2002,6058134467.0
India,IND,2002,515000000000.0
Ireland,IRL,2002,128000000000.0
Iceland,ISL,2002,9318395055.0
Italy,ITA,2002,1270000000000.0
Jamaica,JAM,2002,9719017926.0
Japan,JPN,2002,4180000000000.0
Kenya,KEN,2002,13147743911.0
"Korea, Rep.",KOR,2002,627000000000.0
Sri Lanka,LKA,2002,16536535647.0
Lower middle income,LMC,2002,1650000000000.0
Morocco,MAR,2002,42236836821.0
Mexico,MEX,2002,772000000000.0
Middle income,MIC,2002,6020000000000.0
Malawi,MWI,2002,3495748398.0
Malaysia,MYS,2002,101000000000.0
Nigeria,NGA,2002,95385819321.0
Netherlands,NLD,2002,472000000000.0
Norway,NOR,2002,196000000000.0
Nepal,NPL,2002,6050875807.0
Panama,PAN,2002,12994310400.0
Peru,PER,2002,54777553515.0
Portugal,PRT,2002,134000000000.0
Post-demographic dividend,PST,2002,27200000000000.0
Rwanda,RWA,2002,1964779921.0
South Asia,SAS,2002,678000000000.0
Sudan,SDN,2002,18136839087.0
Senegal,SEN,2002,7006402592.0
Singapore,SGP,2002,92537752709.0
Sierra Leone,SLE,2002,1253340520.0
Sub-Saharan Africa (excluding high income),SSA,2002,441000000000.0
Sub-Saharan Africa,SSF,2002,441000000000.0
Suriname,SUR,2002,1093574468.0
Sweden,SWE,2002,267000000000.0
Eswatini,SWZ,2002,1432228125.0
Seychelles,SYC,2002,697518248.2
Chad,TCD,2002,1997005787.0
East Asia & Pacific (IDA & IBRD countries),TEA,2002,2040000000000.0
Togo,TGO,2002,1706698099.0
Thailand,THA,2002,134000000000.0
Latin America & the Caribbean (IDA & IBRD countries),TLA,2002,1890000000000.0
South Asia (IDA & IBRD),TSA,2002,678000000000.0
Sub-Saharan Africa (IDA & IBRD countries),TSS,2002,441000000000.0
Trinidad and Tobago,TTO,2002,9008273721.0
Turkey,TUR,2002,240000000000.0
Uganda,UGA,2002,6178563591.0
Upper middle income,UMC,2002,4370000000000.0
Uruguay,URY,2002,13606494599.0
United States,USA,2002,10900000000000.0
St. Vincent and the Grenadines,VCT,2002,461885185.2
World,WLD,2002,34900000000000.0
South Africa,ZAF,2002,129000000000.0
Zambia,ZMB,2002,4193845678.0
Zimbabwe,ZWE,2002,6342116400.0
Australia,AUS,2006,748000000000.0
Austria,AUT,2006,336000000000.0
Burundi,BDI,2006,1273375020.0
Belgium,BEL,2006,408000000000.0
Benin,BEN,2006,7034111651.0
Burkina Faso,BFA,2006,6547420134.0
Bangladesh,BGD,2006,71819083684.0
Belize,BLZ,2006,1210603750.0
Bolivia,BOL,2006,11451869165.0
Central African Republic,CAF,2006,1460561215.0
Canada,CAN,2006,1320000000000.0
Chile,CHL,2006,155000000000.0
China,CHN,2006,2750000000000.0
Cote d'Ivoire,CIV,2006,25281414473.0
Cameroon,CMR,2006,20910513975.0
"Congo, Dem. Rep.",COD,2006,14451902468.0
Colombia,COL,2006,162000000000.0
Costa Rica,CRI,2006,22715540324.0
Algeria,DZA,2006,117000000000.0
Ecuador,ECU,2006,46802044000.0
Spain,ESP,2006,1260000000000.0
France,FRA,2006,2320000000000.0
United Kingdom,GBR,2006,2720000000000.0
Ghana,GHA,2006,20440893017.0
Greece,GRC,2006,273000000000.0
Honduras,HND,2006,10841724917.0
Haiti,HTI,2006,7518107787.0
India,IND,2006,940000000000.0
Ireland,IRL,2006,232000000000.0
Iceland,ISL,2006,17465318552.0
Italy,ITA,2006,1950000000000.0
Jamaica,JAM,2006,11930171468.0
Japan,JPN,2006,4600000000000.0
Kenya,KEN,2006,25825524821.0
"Korea, Rep.",KOR,2006,1050000000000.0
Sri Lanka,LKA,2006,28279814925.0
Lower middle income,LMC,2006,3030000000000.0
Morocco,MAR,2006,68640825481.0
Mexico,MEX,2006,975000000000.0
Middle income,MIC,2006,11400000000000.0
Malawi,MWI,2006,3998020177.0
Malaysia,MYS,2006,163000000000.0
Nigeria,NGA,2006,236000000000.0
Netherlands,NLD,2006,733000000000.0
Norway,NOR,2006,346000000000.0
Nepal,NPL,2006,9043715356.0
Panama,PAN,2006,18141666300.0
Peru,PER,2006,88643193062.0
Portugal,PRT,2006,209000000000.0
Post-demographic dividend,PST,2006,37600000000000.0
Rwanda,RWA,2006,3317951468.0
South Asia,SAS,2006,1200000000000.0
Sudan,SDN,2006,45264519503.0
Senegal,SEN,2006,11697918803.0
Singapore,SGP,2006,149000000000.0
Sierra Leone,SLE,2006,1885112202.0
Sub-Saharan Africa (excluding high income),SSA,2006,967000000000.0
Sub-Saharan Africa,SSF,2006,968000000000.0
Suriname,SUR,2006,2626380435.0
Sweden,SWE,2006,423000000000.0
Eswatini,SWZ,2006,3291353836.0
Seychelles,SYC,2006,1016418229.0
Chad,TCD,2006,7428701809.0
East Asia & Pacific (IDA & IBRD countries),TEA,2006,3740000000000.0
Togo,TGO,2006,2351584608.0
Thailand,THA,2006,222000000000.0
Latin America & the Caribbean (IDA & IBRD countries),TLA,2006,3190000000000.0
South Asia (IDA & IBRD),TSA,2006,1200000000000.0
Sub-Saharan Africa (IDA & IBRD countries),TSS,2006,968000000000.0
Trinidad and Tobago,TTO,2006,18369361094.0
Turkey,TUR,2006,557000000000.0
Uganda,UGA,2006,9977647645.0
Upper middle income,UMC,2006,8390000000000.0
Uruguay,URY,2006,19579457966.0
United States,USA,2006,13800000000000.0
St. Vincent and the Grenadines,VCT,2006,610929629.6
World,WLD,2006,51800000000000.0
South Africa,ZAF,2006,304000000000.0
Zambia,ZMB,2006,12756858899.0
Zimbabwe,ZWE,2006,5443896500.0
Australia,AUS,2010,1150000000000.0
Austria,AUT,2010,392000000000.0
Burundi,BDI,2010,2032135247.0
Belgium,BEL,2010,481000000000.0
Benin,BEN,2010,9535344283.0
Burkina Faso,BFA,2010,10109618964.0
Bangladesh,BGD,2010,115000000000.0
Belize,BLZ,2010,1377177100.0
Bolivia,BOL,2010,19649631314.0
Central African Republic,CAF,2010,2142591376.0
Canada,CAN,2010,1620000000000.0
Chile,CHL,2010,219000000000.0
China,CHN,2010,6090000000000.0
Cote d'Ivoire,CIV,2010,34936305297.0
Cameroon,CMR,2010,27507499709.0
"Congo, Dem. Rep.",COD,2010,21565720044.0
Colombia,COL,2010,287000000000.0
Costa Rica,CRI,2010,37658614803.0
Algeria,DZA,2010,161000000000.0
Ecuador,ECU,2010,69555367000.0
Spain,ESP,2010,1420000000000.0
France,FRA,2010,2640000000000.0
United Kingdom,GBR,2010,2490000000000.0
Ghana,GHA,2010,32197272797.0
Greece,GRC,2010,297000000000.0
Honduras,HND,2010,15729649159.0
Haiti,HTI,2010,11859315079.0
India,IND,2010,1680000000000.0
Ireland,IRL,2010,222000000000.0
Iceland,ISL,2010,13751161918.0
Italy,ITA,2010,2130000000000.0
Jamaica,JAM,2010,13220556883.0
Japan,JPN,2010,5760000000000.0
Kenya,KEN,2010,45405587557.0
"Korea, Rep.",KOR,2010,1140000000000.0
Sri Lanka,LKA,2010,56725749222.0
Lower middle income,LMC,2010,5200000000000.0
Morocco,MAR,2010,93216746662.0
Mexico,MEX,2010,1060000000000.0
Middle income,MIC,2010,20000000000000.0
Malawi,MWI,2010,6959655571.0
Malaysia,MYS,2010,255000000000.0
Nigeria,NGA,2010,361000000000.0
Netherlands,NLD,2010,847000000000.0
Norway,NOR,2010,429000000000.0
Nepal,NPL,2010,16002656434.0
Panama,PAN,2010,29440287581.0
Peru,PER,2010,148000000000.0
Portugal,PRT,2010,238000000000.0
Post-demographic dividend,PST,2010,42600000000000.0
Rwanda,RWA,2010,6121234529.0
South Asia,SAS,2010,2060000000000.0
Sudan,SDN,2010,58962978034.0
Senegal,SEN,2010,16121314671.0
Singapore,SGP,2010,240000000000.0
Sierra Leone,SLE,2010,2578026297.0
Sub-Saharan Africa (excluding high income),SSA,2010,1440000000000.0
Sub-Saharan Africa,SSF,2010,1440000000000.0
Suriname,SUR,2010,4368398048.0
Sweden,SWE,2010,496000000000.0
Eswatini,SWZ,2010,4438778424.0
Seychelles,SYC,2010,969936525.3
Chad,TCD,2010,10668102735.0
East Asia & Pacific (IDA & IBRD countries),TEA,2010,7850000000000.0
Togo,TGO,2010,3429461495.0
Thailand,THA,2010,341000000000.0
Latin America & the Caribbean (IDA & IBRD countries),TLA,2010,5160000000000.0
South Asia (IDA & IBRD),TSA,2010,2060000000000.0
Sub-Saharan Africa (IDA & IBRD countries),TSS,2010,1440000000000.0
Trinidad and Tobago,TTO,2010,22157948396.0
Turkey,TUR,2010,777000000000.0
Uganda,UGA,2010,26673441667.0
Upper middle income,UMC,2010,14800000000000.0
Uruguay,URY,2010,40284481652.0
United States,USA,2010,15000000000000.0
St. Vincent and the Grenadines,VCT,2010,681225925.9
World,WLD,2010,66500000000000.0
South Africa,ZAF,2010,417000000000.0
Zambia,ZMB,2010,20265559484.0
Zimbabwe,ZWE,2010,12041655200.0
Australia,AUS,2014,1470000000000.0
Austria,AUT,2014,442000000000.0
Burundi,BDI,2014,2705783272.0
Belgium,BEL,2014,535000000000.0
Benin,BEN,2014,13284528654.0
Burkina Faso,BFA,2014,13943016924.0
Bangladesh,BGD,2014,173000000000.0
Belize,BLZ,2014,1667335061.0
Bolivia,BOL,2014,32996188013.0
Central African Republic,CAF,2014,1894813505.0
Canada,CAN,2014,1810000000000.0
Chile,CHL,2014,261000000000.0
China,CHN,2014,10500000000000.0
Cote d'Ivoire,CIV,2014,48843008580.0
Cameroon,CMR,2014,36386546918.0
"Congo, Dem. Rep.",COD,2014,35909040266.0
Colombia,COL,2014,381000000000.0
Costa Rica,CRI,2014,52016408951.0
Algeria,DZA,2014,214000000000.0
Ecuador,ECU,2014,102000000000.0
Spain,ESP,2014,1370000000000.0
France,FRA,2014,2850000000000.0
United Kingdom,GBR,2014,3090000000000.0
Ghana,GHA,2014,54782847753.0
Greece,GRC,2014,235000000000.0
Honduras,HND,2014,19618567250.0
Haiti,HTI,2014,15139264670.0
India,IND,2014,2040000000000.0
Ireland,IRL,2014,259000000000.0
Iceland,ISL,2014,17867662178.0
Italy,ITA,2014,2160000000000.0
Jamaica,JAM,2014,13899228824.0
Japan,JPN,2014,4900000000000.0
Kenya,KEN,2014,68285768554.0
"Korea, Rep.",KOR,2014,1480000000000.0
Sri Lanka,LKA,2014,79356449841.0
Lower middle income,LMC,2014,6600000000000.0
Morocco,MAR,2014,110000000000.0
Mexico,MEX,2014,1320000000000.0
Middle income,MIC,2014,27800000000000.0
Malawi,MWI,2014,6047813437.0
Malaysia,MYS,2014,338000000000.0
Nigeria,NGA,2014,547000000000.0
Netherlands,NLD,2014,891000000000.0
Norway,NOR,2014,498000000000.0
Nepal,NPL,2014,22731602970.0
Panama,PAN,2014,49921464365.0
Peru,PER,2014,201000000000.0
Portugal,PRT,2014,230000000000.0
Post-demographic dividend,PST,2014,47100000000000.0
Rwanda,RWA,2014,8241332517.0
South Asia,SAS,2014,2580000000000.0
Sudan,SDN,2014,49516748618.0
Senegal,SEN,2014,19797254643.0
Singapore,SGP,2014,315000000000.0
Sierra Leone,SLE,2014,5015157816.0
Sub-Saharan Africa (excluding high income),SSA,2014,1850000000000.0
Sub-Saharan Africa,SSF,2014,1850000000000.0
Suriname,SUR,2014,5240606061.0
Sweden,SWE,2014,582000000000.0
Eswatini,SWZ,2014,4422968340.0
Seychelles,SYC,2014,1343007845.0
Chad,TCD,2014,13940768066.0
East Asia & Pacific (IDA & IBRD countries),TEA,2014,12700000000000.0
Togo,TGO,2014,4574986537.0
Thailand,THA,2014,407000000000.0
Latin America & the Caribbean (IDA & IBRD countries),TLA,2014,6210000000000.0
South Asia (IDA & IBRD),TSA,2014,2580000000000.0
Sub-Saharan Africa (IDA & IBRD countries),TSS,2014,1850000000000.0
Trinidad and Tobago,TTO,2014,27615843098.0
Turkey,TUR,2014,939000000000.0
Uganda,UGA,2014,32612397758.0
Upper middle income,UMC,2014,21200000000000.0
Uruguay,URY,2014,57236013086.0
United States,USA,2014,17500000000000.0
St. Vincent and the Grenadines,VCT,2014,727714814.8
World,WLD,2014,79600000000000.0
South Africa,ZAF,2014,381000000000.0
Zambia,ZMB,2014,27141023558.0
Zimbabwe,ZWE,2014,19495519600.0
Australia,AUS,2018,1430000000000.0
Austria,AUT,2018,455000000000.0
Burundi,BDI,2018,2668495743.0
Belgium,BEL,2018,543000000000.0
Benin,BEN,2018,14262407012.0
Burkina Faso,BFA,2018,15890065020.0
Bangladesh,BGD,2018,274000000000.0
Belize,BLZ,2018,1915899787.0
Bolivia,BOL,2018,40287647930.0
Central African Republic,CAF,2018,2220978978.0
Canada,CAN,2018,1730000000000.0
Chile,CHL,2018,298000000000.0
China,CHN,2018,13900000000000.0
Cote d'Ivoire,CIV,2018,58011466451.0
Cameroon,CMR,2018,39973839065.0
"Congo, Dem. Rep.",COD,2018,47146004587.0
Colombia,COL,2018,334000000000.0
Costa Rica,CRI,2018,62420165100.0
Algeria,DZA,2018,175000000000.0
Ecuador,ECU,2018,108000000000.0
Spain,ESP,2018,1420000000000.0
France,FRA,2018,2790000000000.0
United Kingdom,GBR,2018,2900000000000.0
Ghana,GHA,2018,67299280680.0
Greece,GRC,2018,212000000000.0
Honduras,HND,2018,23900438564.0
Haiti,HTI,2018,16455034353.0
India,IND,2018,2700000000000.0
Ireland,IRL,2018,385000000000.0
Iceland,ISL,2018,26267063758.0
Italy,ITA,2018,2090000000000.0
Jamaica,JAM,2018,15730793853.0
Japan,JPN,2018,5040000000000.0
Kenya,KEN,2018,92202956321.0
"Korea, Rep.",KOR,2018,1720000000000.0
Sri Lanka,LKA,2018,87963042341.0
Lower middle income,LMC,2018,7350000000000.0
Morocco,MAR,2018,118000000000.0
Mexico,MEX,2018,1220000000000.0
Middle income,MIC,2018,31000000000000.0
Malawi,MWI,2018,9880675786.0
Malaysia,MYS,2018,359000000000.0
Nigeria,NGA,2018,397000000000.0
Netherlands,NLD,2018,914000000000.0
Norway,NOR,2018,437000000000.0
Nepal,NPL,2018,33111525183.0
Panama,PAN,2018,64929409212.0
Peru,PER,2018,223000000000.0
Portugal,PRT,2018,242000000000.0
Post-demographic dividend,PST,2018,50500000000000.0
Rwanda,RWA,2018,9640280084.0
South Asia,SAS,2018,3440000000000.0
Sudan,SDN,2018,30964349685.0
Senegal,SEN,2018,23116699808.0
Singapore,SGP,2018,376000000000.0
Sierra Leone,SLE,2018,4085114794.0
Sub-Saharan Africa (excluding high income),SSA,2018,1750000000000.0
Sub-Saharan Africa,SSF,2018,1750000000000.0
Suriname,SUR,2018,3996247906.0
Sweden,SWE,2018,555000000000.0
Eswatini,SWZ,2018,4665420239.0
Seychelles,SYC,2018,1547690759.0
Chad,TCD,2018,11239167048.0
East Asia & Pacific (IDA & IBRD countries),TEA,2018,16600000000000.0
Togo,TGO,2018,7112200725.0
Thailand,THA,2018,507000000000.0
Latin America & the Caribbean (IDA & IBRD countries),TLA,2018,5460000000000.0
South Asia (IDA & IBRD),TSA,2018,3440000000000.0
Sub-Saharan Africa (IDA & IBRD countries),TSS,2018,1750000000000.0
Trinidad and Tobago,TTO,2018,23679919655.0
Turkey,TUR,2018,778000000000.0
Uganda,UGA,2018,32927025573.0
Upper middle income,UMC,2018,23600000000000.0
Uruguay,URY,2018,64515038268.0
United States,USA,2018,20600000000000.0
St. Vincent and the Grenadines,VCT,2018,811300000.0
World,WLD,2018,86300000000000.0
South Africa,ZAF,2018,405000000000.0
Zambia,ZMB,2018,26311590297.0
Zimbabwe,ZWE,2018,18115543791.0
